{"QS_Split075": {"best_classifier": "random_forest", "scores": [0.7913890276390275, 0.5, 0.7866512654012655, 0.4727838827838827, 0.7838542013542014, 0.5771581196581196], "v": 0.7913890276390275}, "QS_Split076": {"best_classifier": "random_forest", "scores": [0.7860138472638472, 0.5, 0.7834189421689423, 0.5, 0.7766963591963592, 0.5964829614829614], "v": 0.7860138472638472}, "QS_Split077": {"best_classifier": "random_forest", "scores": [0.795775752025752, 0.5, 0.7748475135975136, 0.5033333333333333, 0.7766368353868354, 0.5751047563547563], "v": 0.795775752025752}, "QS_Split078": {"best_classifier": "random_forest", "scores": [0.8043471805971807, 0.5, 0.7641332278832279, 0.49527472527472527, 0.7729018204018204, 0.5534335109335109], "v": 0.8043471805971807}, "QS_Split079": {"best_classifier": "random_forest", "scores": [0.7895486457986458, 0.5, 0.7579061216561217, 0.5114652014652015, 0.7696600621600622, 0.5851656676656676], "v": 0.7895486457986458}, "QS_Split080": {"best_classifier": "random_forest", "scores": [0.8086191586191586, 0.5, 0.7599757187257188, 0.5203463203463203, 0.772553835053835, 0.5827035464535464], "v": 0.8086191586191586}, "QS_Split081": {"best_classifier": "random_forest", "scores": [0.8112201687201688, 0.5, 0.7665996503496504, 0.5104761904761904, 0.8032452269952269, 0.5438775113775114], "v": 0.8112201687201688}, "QS_Split082": {"best_classifier": "random_forest", "scores": [0.8074497724497725, 0.5, 0.7623698523698523, 0.5, 0.8015678765678764, 0.544462481962482], "v": 0.8074497724497725}, "QS_Split083": {"best_classifier": "random_forest", "scores": [0.7913554501054502, 0.5, 0.7572645410145411, 0.5172438672438672, 0.7889042901542901, 0.5319884282384283], "v": 0.7913554501054502}, "QS_Split084": {"best_classifier": "random_forest", "scores": [0.8029763292263293, 0.5, 0.757709928959929, 0.5101100288600289, 0.7897452547452547, 0.5858923021423023], "v": 0.8029763292263293}, "QS_Split085": {"best_classifier": "random_forest", "scores": [0.7972986735486736, 0.5, 0.7529251304251303, 0.5029166666666667, 0.7875609113109112, 0.5855459817959817], "v": 0.7972986735486736}, "QS_Split086": {"best_classifier": "gradient_boosting", "scores": [0.776073926073926, 0.5, 0.7492635142635142, 0.4925, 0.7868273393273394, 0.5948262848262849], "v": 0.7868273393273394}, "QS_Split087": {"best_classifier": "random_forest", "scores": [0.7754985292485292, 0.5, 0.7433111333111334, 0.5130555555555556, 0.7748996836496838, 0.5729383116883117], "v": 0.7754985292485292}, "QS_Split088": {"best_classifier": "gradient_boosting", "scores": [0.7662561050061051, 0.5, 0.7391697191697192, 0.5, 0.7810943223443224, 0.5728968253968254], "v": 0.7810943223443224}, "QS_Split089": {"best_classifier": "random_forest", "scores": [0.7837687312687311, 0.5, 0.7464851814851816, 0.4862866300366301, 0.7804173604173605, 0.5969739982239982], "v": 0.7837687312687311}, "QS_Split090": {"best_classifier": "gradient_boosting", "scores": [0.7743731268731269, 0.5, 0.7528038628038629, 0.48194444444444445, 0.7930971805971807, 0.5882341269841269], "v": 0.7930971805971807}, "QS_Split091": {"best_classifier": "gradient_boosting", "scores": [0.776983016983017, 0.5, 0.7482708957708959, 0.5041666666666667, 0.7825019425019424, 0.5854624542124542], "v": 0.7825019425019424}, "QS_Split092": {"best_classifier": "random_forest", "scores": [0.7682708957708957, 0.5, 0.7444198856698858, 0.5, 0.7650181762681763, 0.5680681818181817], "v": 0.7682708957708957}, "QS_Split093": {"best_classifier": "random_forest", "scores": [0.7800511988011989, 0.5, 0.7405057442557443, 0.5131944444444445, 0.7293363580863581, 0.5421212121212121], "v": 0.7800511988011989}, "QS_Split094": {"best_classifier": "random_forest", "scores": [0.7703030303030303, 0.5, 0.7345075757575759, 0.5, 0.7590909090909093, 0.5420833333333335], "v": 0.7703030303030303}, "QS_Split095": {"best_classifier": "gradient_boosting", "scores": [0.7663866688866688, 0.5, 0.7367877955377955, 0.5284722222222221, 0.7742340992340992, 0.5579431679431679], "v": 0.7742340992340992}, "QS_Split096": {"best_classifier": "random_forest", "scores": [0.7668524531024531, 0.5, 0.7336742424242424, 0.5, 0.7640710678210678, 0.5765422077922077], "v": 0.7668524531024531}, "QS_Split097": {"best_classifier": "random_forest", "scores": [0.7799332611832611, 0.5, 0.7300883838383838, 0.5125, 0.7777705627705628, 0.5565422077922078], "v": 0.7799332611832611}, "QS_Split098": {"best_classifier": "random_forest", "scores": [0.7839989177489177, 0.5, 0.7369065656565656, 0.49005772005772014, 0.7708405483405485, 0.5540169552669553], "v": 0.7839989177489177}, "QS_Split099": {"best_classifier": "gradient_boosting", "scores": [0.7627236652236652, 0.5041666666666667, 0.7341287878787879, 0.4831944444444445, 0.771295093795094, 0.5869823232323232], "v": 0.771295093795094}, "QS_Split100": {"best_classifier": "gradient_boosting", "scores": [0.7693524531024533, 0.509090909090909, 0.7455555555555555, 0.49430555555555555, 0.7925829725829725, 0.6073178210678211], "v": 0.7925829725829725}, "QS_Split101": {"best_classifier": "random_forest", "scores": [0.7732665945165946, 0.5045454545454545, 0.7417676767676766, 0.49404761904761907, 0.7659415584415584, 0.5556078643578644], "v": 0.7732665945165946}, "QS_Split102": {"best_classifier": "gradient_boosting", "scores": [0.7750595238095237, 0.5, 0.7483838383838383, 0.4909090909090909, 0.8010912698412698, 0.5728427128427129], "v": 0.8010912698412698}, "QS_Split103": {"best_classifier": "gradient_boosting", "scores": [0.7845797258297258, 0.5, 0.7441919191919191, 0.4897348484848485, 0.7974188311688312, 0.5861507936507937], "v": 0.7974188311688312}, "QS_Split104": {"best_classifier": "gradient_boosting", "scores": [0.7660696248196248, 0.5, 0.740530303030303, 0.5064935064935064, 0.781722582972583, 0.5718073593073594], "v": 0.781722582972583}, "QS_Split105": {"best_classifier": "random_forest", "scores": [0.7744390331890332, 0.5, 0.7372474747474747, 0.49785353535353527, 0.7692352092352092, 0.6122348484848484], "v": 0.7744390331890332}, "QS_Split106": {"best_classifier": "random_forest", "scores": [0.7832142857142856, 0.5, 0.7335227272727273, 0.4881944444444445, 0.77887987012987, 0.5604076479076479], "v": 0.7832142857142856}, "QS_Split107": {"best_classifier": "random_forest", "scores": [0.7768380230880231, 0.5, 0.7285984848484849, 0.5, 0.77242784992785, 0.5843795093795094], "v": 0.7768380230880231}, "QS_Split108": {"best_classifier": "random_forest", "scores": [0.7804617604617604, 0.5, 0.7263257575757576, 0.4954545454545455, 0.7703427128427128, 0.5611129148629149], "v": 0.7804617604617604}, "QS_Split109": {"best_classifier": "random_forest", "scores": [0.7846284271284272, 0.5, 0.7315025252525253, 0.5104166666666667, 0.7248033910533911, 0.5486742424242423], "v": 0.7846284271284272}, "QS_Split110": {"best_classifier": "random_forest", "scores": [0.7590963203463204, 0.5, 0.728219696969697, 0.47902236652236657, 0.75887987012987, 0.6048845598845599], "v": 0.7590963203463204}, "QS_Split111": {"best_classifier": "random_forest", "scores": [0.7442550505050506, 0.5, 0.7248863636363636, 0.4959722222222222, 0.7378030303030304, 0.5247727272727273], "v": 0.7442550505050506}, "QS_Split112": {"best_classifier": "random_forest", "scores": [0.7728156565656565, 0.5, 0.7248106060606061, 0.4860732323232323, 0.7319949494949495, 0.5698106060606061], "v": 0.7728156565656565}, "QS_Split113": {"best_classifier": "random_forest", "scores": [0.7493055555555556, 0.5, 0.7204671717171718, 0.5073989898989899, 0.7110479797979797, 0.5800252525252525], "v": 0.7493055555555556}, "QS_Split114": {"best_classifier": "random_forest", "scores": [0.7450631313131313, 0.5, 0.7178156565656566, 0.49375, 0.7226388888888889, 0.5716666666666667], "v": 0.7450631313131313}, "QS_Split115": {"best_classifier": "random_forest", "scores": [0.7681067543567542, 0.5, 0.7253477078477079, 0.5065025252525253, 0.7082142857142858, 0.6077525252525252], "v": 0.7681067543567542}, "QS_Split116": {"best_classifier": "random_forest",